<BackupInst xmlns="http://www.microsoft.com/GroupPolicy/GPOOperations/Manifest"><GPOGuid><![CDATA[{17114392-B386-405A-8EB6-19B633B809FD}]]></GPOGuid><GPODomain><![CDATA[lab.local]]></GPODomain><GPODomainGuid><![CDATA[{67f2e87d-21bd-4472-a633-fd40da4775c7}]]></GPODomainGuid><GPODomainController><![CDATA[WIN-P3B16319TEC.lab.local]]></GPODomainController><BackupTime><![CDATA[2023-03-29T16:37:29]]></BackupTime><ID><![CDATA[{C9258394-23E6-42F7-943F-8377237347CF}]]></ID><Comment><![CDATA[]]></Comment><GPODisplayName><![CDATA[Admin Password - Workstations]]></GPODisplayName></BackupInst>
