<BackupInst xmlns="http://www.microsoft.com/GroupPolicy/GPOOperations/Manifest"><GPOGuid><![CDATA[{1724A915-7121-4E85-8BB1-39A9C7577811}]]></GPOGuid><GPODomain><![CDATA[lab.local]]></GPODomain><GPODomainGuid><![CDATA[{67f2e87d-21bd-4472-a633-fd40da4775c7}]]></GPODomainGuid><GPODomainController><![CDATA[WIN-P3B16319TEC.lab.local]]></GPODomainController><BackupTime><![CDATA[2023-03-29T16:37:23]]></BackupTime><ID><![CDATA[{4BB5E0E2-2622-4403-B38A-A33F12BC56E5}]]></ID><Comment><![CDATA[]]></Comment><GPODisplayName><![CDATA[Admin Password - Servers]]></GPODisplayName></BackupInst>
